{
"beginEstimateWorld" : [
-0.00751495,0.019268,-0.00317938
],
"covMatrixIn" : [
15.2658,-1.01935,2.10589,-1.01935,18.8117,10.4692,2.10589,10.4692,1501.46
],
"maxIterations" : 5,
"beginEstimateMap" : [
1023.85,1024.39,-0.00317938
],
"H0" : [
15.2573,-1.12598,37.6882,-1.12598,16.8831,38.6161,37.6882,38.6161,8861.66
],
"dTr0" : [
0.00890038,-7.4194,80.6509
],
"H1" : [
17.0921,-0.390592,92.0318,-0.390592,15.3948,61.1778,92.0318,61.1778,9869.61
],
"dTr1" : [
1.85343,1.32288,6.77162
],
"H2" : [
17.0433,-0.622956,66.0521,-0.622956,15.435,62.0206,66.0521,62.0206,10465.4
],
"dTr2" : [
-1.71149,-0.664321,-1.91475
],
"H3" : [
16.9996,-0.410971,77.7941,-0.410971,15.3449,64.8445,77.7941,64.8445,10466.6
],
"dTr3" : [
1.40157,-0.00108065,-2.5321
],
"H4" : [
17.218,-0.484318,68.4295,-0.484318,15.4675,61.2155,68.4295,61.2155,10350.6
],
"dTr4" : [
-1.12157,0.20245,12.7129
],
"H5" : [
16.7858,-0.431966,75.4179,-0.431966,15.2175,65.5045,75.4179,65.5045,10408.3
],
"dTr5" : [
0.88898,-0.324267,-14.4014
],
"covMatrixOut" : [
16.7858,-0.431966,75.4179,-0.431966,15.2175,65.5045,75.4179,65.5045,10408.3
],
"newEstimateMap" : [
1023.87,1023.96,0.00705151
],
"newEstimateWorld" : [
-0.00632095,-0.00218582,0.00705151
]
}
