{
"origo": [-2.032,0],
"size": 184,
"dataPoints": [
[37.708,0.000101979],
[37.402,0.688424],
[37.2741,2.06004],
[37.0925,2.73595],
[36.979,3.41312],
[36.7941,4.08089],
[36.6376,4.74813],
[35.7566,5.31094],
[36.8434,6.15736],
[36.2573,6.75154],
[35.8784,7.36914],
[35.6462,8.00885],
[35.5007,8.66521],
[35.4408,9.34312],
[35.3879,10.0267],
[34.8996,10.5901],
[35.2403,12.834],
[35.0294,13.4894],
[34.751,14.1198],
[34.5304,15.5199],
[34.254,16.1557],
[34.1115,16.8541],
[33.9557,17.5525],
[33.7508,18.2323],
[33.5861,18.9386],
[15.93,16.7499],
[15.2897,16.7274],
[14.6557,16.6878],
[13.959,16.5592],
[13.2856,16.4262],
[12.6888,16.3492],
[12.0863,16.2414],
[11.4922,16.1176],
[10.4413,15.9651],
[9.94408,15.8929],
[9.45328,15.8082],
[8.96916,15.7114],
[8.52552,15.6523],
[8.07646,15.5658],
[7.65488,15.5023],
[7.23865,15.429],
[6.84796,15.3806],
[6.46182,15.3234],
[6.08043,15.2574],
[5.70396,15.1828],
[5.34136,15.1177],
[4.98342,15.0447],
[4.64658,15.0004],
[4.30562,14.9306],
[3.98414,14.8906],
[3.60867,14.6946],
[3.29664,14.6404],
[2.99474,14.5988],
[2.7021,14.5702],
[2.11906,14.4766],
[1.83472,14.4309],
[1.55808,14.3992],
[1.27474,14.3232],
[0.995158,14.2418],
[0.688901,13.998],
[-1.04428,14.1255],
[-2.27253,13.7779],
[-2.51225,13.7516],
[-2.75008,13.7012],
[-2.9877,13.6666],
[-3.22607,13.6479],
[-3.46198,13.6051],
[-3.69677,13.5582],
[-3.93314,13.5271],
[-4.16893,13.4918],
[-4.40407,13.4525],
[-4.6423,13.4287],
[-4.88042,13.4006],
[-5.11386,13.3489],
[-5.35604,13.3319],
[-5.59338,13.2911],
[-5.83032,13.2462],
[-6.07261,13.2161],
[-6.31501,13.1816],
[-6.57697,13.1994],
[-6.834,13.1933],
[-7.09219,13.1821],
[-7.35894,13.1845],
[-7.60386,13.1264],
[-9.79005,12.4154],
[-10.1036,12.4291],
[-10.4087,12.419],
[-13.0589,15.1771],
[-13.4545,15.1581],
[-13.6927,14.9249],
[-13.7248,14.4393],
[-13.7436,13.9573],
[-13.7624,13.4942],
[-13.7284,12.9901],
[-13.6942,12.5061],
[-13.6884,12.0705],
[-13.671,11.6389],
[-13.6422,11.2118],
[-13.6313,10.8165],
[-13.5954,10.4116],
[-13.5791,10.0377],
[-13.7203,9.46495],
[-13.7103,9.12407],
[-13.5963,8.71425],
[-13.6495,8.44057],
[-13.5984,8.09887],
[-13.5556,7.77275],
[-13.5721,7.4942],
[-13.9556,7.45063],
[-14.3752,7.41652],
[-14.8492,7.39997],
[-15.2913,7.34968],
[-15.7883,7.31433],
[-16.3059,7.27289],
[-16.8801,7.24185],
[-17.4936,7.20983],
[-18.147,7.17479],
[-18.822,7.12689],
[-19.5373,7.07253],
[-20.4049,7.05263],
[-21.2769,7.00452],
[-22.3015,-17.0082],
[-21.5186,-16.9395],
[-20.7592,-16.8621],
[-20.0379,-16.7908],
[-19.886,-17.2415],
[-19.8793,-17.8474],
[-19.8569,-18.4583],
[-19.8321,-19.0884],
[-19.8308,-19.7677],
[-19.8111,-20.4527],
[-19.7215,-21.0816],
[-19.741,-21.8689],
[-19.6275,-22.5214],
[-19.6049,-23.3202],
[-19.5597,-24.1249],
[-19.5145,-24.9678],
[-19.5123,-25.9158],
[-19.4604,-26.8375],
[-19.4345,-27.8499],
[-19.3372,-28.8009],
[-19.2919,-29.8952],
[-19.2814,-31.119],
[-19.2146,-32.3159],
[-19.1655,-33.6266],
[-10.4011,-52.8413],
[-7.53843,-52.3914],
[-6.62323,-52.4796],
[-5.69408,-52.3721],
[-4.7638,-52.1285],
[-3.84664,-51.9683],
[-2.93939,-51.9921],
[-2.03187,-51.64],
[-1.12993,-51.6721],
[-0.23315,-51.5086],
[0.665525,-51.4694],
[1.56617,-51.4543],
[2.55252,-52.3998],
[3.44751,-52.1328],
[4.3809,-52.2278],
[5.26637,-51.9296],
[6.22161,-52.1104],
[7.05688,-51.5448],
[7.87875,-50.9857],
[19.5365,-50.8118],
[20.4851,-50.5738],
[41.2886,-13.2443],
[40.5327,-12.2051],
[40.4108,-11.3724],
[40.1953,-10.5283],
[40.0023,-9.70428],
[39.9305,-8.91931],
[39.7657,-8.12454],
[39.5072,-7.32438],
[39.3719,-6.55763],
[39.0839,-5.77836],
[38.8411,-5.01848],
[38.8031,-4.29184],
[38.6924,-3.56282],
[38.4691,-2.83201],
[38.1728,-2.10694],
[38.0236,-1.39867],
[37.9019,-0.696949],
[37.708,0.000100045]
]
}
