{
"origo": [-1.016,0],
"size": 161,
"dataPoints": [
[13.244,3.65935e-05],
[12.6919,0.239308],
[12.2459,0.46315],
[11.8164,0.67255],
[11.4236,0.869895],
[11.018,1.05287],
[10.6696,1.22824],
[10.3387,1.39421],
[10.0255,1.55181],
[9.11439,1.96917],
[8.87307,2.10201],
[8.61077,2.22254],
[8.36675,2.33941],
[8.14097,2.45363],
[7.92373,2.56345],
[7.71506,2.66938],
[6.3563,3.28238],
[6.18914,3.35983],
[6.02155,3.43246],
[5.86256,3.50482],
[5.67673,3.55861],
[4.78359,4.06094],
[-1.13277,6.68898],
[-1.25124,6.73589],
[-1.37243,6.80067],
[-1.49594,6.86324],
[-1.62088,6.91359],
[-1.74981,6.98154],
[-1.88129,7.04708],
[-2.01667,7.12003],
[-2.1533,7.18049],
[-2.29581,7.25803],
[-2.43945,7.32294],
[-2.58991,7.40457],
[-2.74139,7.47341],
[-2.89817,7.5489],
[-3.06069,7.63081],
[-3.22939,7.71893],
[-3.40177,7.80344],
[-3.58395,7.90327],
[-3.78009,8.02745],
[-3.97792,8.13773],
[-4.18041,8.24351],
[-4.38748,8.34465],
[-4.57558,8.38579],
[-5.80649,7.66634],
[-5.90688,7.53125],
[-5.99843,7.38671],
[-6.0807,7.2331],
[-6.16502,7.08698],
[-6.23977,6.93214],
[-6.32302,6.79264],
[-6.39671,6.64458],
[-6.48614,6.51902],
[-6.56628,6.38483],
[-6.63002,6.23497],
[-6.7107,6.10679],
[-6.78863,5.9777],
[-6.85672,5.84069],
[-6.92899,5.71008],
[-6.99849,5.57873],
[-6.41663,4.53164],
[-6.47158,4.41782],
[-6.53209,4.30962],
[-6.6384,4.23676],
[-6.71149,4.13799],
[-6.76646,4.02649],
[-6.81927,3.91434],
[-6.8867,3.81246],
[-6.94387,3.70412],
[-7.00761,3.6001],
[-7.06087,3.48998],
[-7.12085,3.38396],
[-7.17898,3.2769],
[-7.23523,3.16884],
[-7.28959,3.05981],
[-7.34204,2.94986],
[-7.40169,2.84307],
[-7.46875,2.73901],
[-7.52484,2.62972],
[-7.57908,2.51931],
[-7.63144,2.4078],
[-7.663,2.28873],
[-7.63536,2.15074],
[-8.54204,1.0577],
[-8.51965,0.921313],
[-8.56442,0.793352],
[-8.60701,0.664108],
[-8.66732,0.535013],
[-8.74539,0.405061],
[-8.81125,0.272196],
[-8.8748,0.137156],
[-8.956,-2.01821e-05],
[-9.03478,-0.139989],
[-9.11106,-0.282706],
[-9.20476,-0.429176],
[-9.27583,-0.577605],
[-9.35415,-0.729515],
[-9.45949,-0.887468],
[-9.55189,-1.0481],
[-9.65113,-1.21361],
[-9.73728,-1.38134],
[-9.83002,-1.55417],
[-9.92917,-1.73257],
[-10.0345,-1.91697],
[-10.1361,-2.10556],
[-10.2435,-2.3007],
[-10.3565,-2.5028],
[-10.5036,-2.72056],
[-10.6555,-2.94713],
[-10.7738,-3.17054],
[-10.8683,-3.39245],
[-10.9297,-3.60834],
[-11.6832,-4.97424],
[-11.9184,-5.31747],
[-12.1536,-5.67491],
[-12.3972,-6.05152],
[-12.5872,-6.41406],
[-12.8112,-6.81003],
[-13.0592,-7.23632],
[-13.3042,-7.67856],
[-13.5877,-8.16417],
[-13.8909,-8.6843],
[-14.2453,-9.26329],
[-14.5832,-9.85719],
[-14.9362,-10.4897],
[-15.208,-11.0881],
[-16.4112,-12.4669],
[-16.107,-12.663],
[-15.8007,-12.8522],
[-15.5667,-13.1016],
[-15.2335,-13.2581],
[-14.9855,-13.4903],
[-14.6561,-13.6401],
[-14.3604,-13.8186],
[4.58944,-31.7896],
[13.9641,-25.9461],
[14.8266,-26.3664],
[18.5002,-19.5161],
[18.6364,-18.978],
[18.8622,-18.5367],
[19.1307,-18.1401],
[19.3084,-17.6676],
[19.6136,-17.3102],
[19.8426,-16.8909],
[20.016,-16.432],
[20.2996,-16.0624],
[20.5767,-15.6879],
[22.6313,-12.0488],
[22.5774,-11.5072],
[22.5299,-10.9796],
[22.6357,-10.5304],
[24.9477,-7.93783],
[24.9477,-7.4449],
[25.0737,-6.99064],
[25.4925,-6.60924],
[25.6038,-6.1456],
[25.932,-5.7279],
[11.7951,-1.12079],
[11.8127,-0.897036],
[13.244,3.58995e-05]
]
}
