{
"beginEstimateWorld" : [
1.26894,0.152306,-0.883637
],
"covMatrixIn" : [
15.6009,-0.675218,-35.5471,-0.675218,29.1469,-216.242,-35.5471,-216.242,6552.29
],
"maxIterations" : 3,
"beginEstimateMap" : [
524.689,513.523,-0.883637
],
"covMatrixOut" : [
18.1631,-0.14603,12.4166,-0.14603,32.7221,-129.747,12.4166,-129.747,2577.22
],
"newEstimateMap" : [
524.906,513.226,-0.918397
],
"newEstimateWorld" : [
1.29057,0.122601,-0.918397
]
}
