{
"origo": [-2.032,0],
"size": 186,
"dataPoints": [
[17.448,4.99889e-05],
[17.425,0.339674],
[17.4812,1.02269],
[17.4804,1.36449],
[17.5133,1.71005],
[17.5004,2.05299],
[17.5212,2.40088],
[17.5555,2.75289],
[17.623,3.1131],
[17.4081,3.42787],
[17.5613,3.8086],
[17.6092,4.17492],
[17.6113,4.53506],
[17.6456,4.90623],
[17.6536,5.27478],
[17.6931,5.65613],
[17.687,6.02876],
[17.5788,6.37198],
[17.6537,6.77838],
[17.6264,7.15511],
[17.6105,7.54011],
[17.8693,8.44766],
[17.7919,8.82624],
[17.798,9.24694],
[17.8493,9.69682],
[17.8374,10.124],
[17.7637,10.5256],
[17.5769,10.8695],
[9.51319,11.9555],
[9.15274,11.9942],
[8.8748,12.1133],
[8.55676,12.181],
[8.214,12.2108],
[7.55997,12.2772],
[7.24796,12.315],
[6.93757,12.3456],
[6.64044,12.3856],
[6.33349,12.4024],
[6.03952,12.4291],
[5.74718,12.4494],
[5.46692,12.4804],
[5.18797,12.5054],
[4.91044,12.5246],
[4.64385,12.5555],
[-2.26241,13.198],
[-2.49341,13.2119],
[-2.72601,13.2418],
[-2.96119,13.2876],
[-3.19469,13.2892],
[-3.43272,13.3266],
[-3.6724,13.3597],
[-4.15641,13.4128],
[-4.4006,13.4328],
[-4.64993,13.4679],
[-4.90122,13.4984],
[-5.15885,13.5437],
[-5.4141,13.5647],
[-5.67621,13.6002],
[-5.94057,13.6307],
[-6.2071,13.656],
[-6.48806,13.7142],
[-6.77231,13.7667],
[-7.07341,13.8511],
[-7.37172,13.9103],
[-7.66612,13.9448],
[-7.97115,13.9917],
[-10.4478,14.0061],
[-10.8711,14.1454],
[-11.3127,14.2909],
[-11.7061,14.3423],
[-12.1385,14.4334],
[-12.5651,14.4976],
[-12.9971,14.5511],
[-13.4587,14.6255],
[-13.9262,14.688],
[-14.425,14.7693],
[-14.917,14.8225],
[-15.4682,14.9223],
[-16.013,14.9927],
[-16.5921,15.0773],
[-17.2066,15.1745],
[-17.8431,15.2686],
[-18.5168,15.3722],
[-19.2135,15.4703],
[-19.9639,15.5879],
[-20.7542,15.7097],
[-21.6006,15.8462],
[-22.7486,15.611],
[-23.6652,15.7173],
[-24.6734,15.8536],
[-29.2385,17.668],
[-29.3392,17.0633],
[-29.4443,16.4708],
[-29.5716,15.8999],
[-29.67,15.3199],
[-29.7566,14.7413],
[-29.7958,14.1463],
[-29.8946,13.5894],
[-30.0369,13.0588],
[-30.0779,12.4867],
[-43.8323,-10.4221],
[-43.8179,-11.1966],
[-49.2495,-36.8906],
[-49.5,-38.439],
[-50.354,-40.5472],
[-50.6352,-42.2503],
[-51.1092,-44.1895],
[-51.0045,-47.2925],
[-49.7616,-47.7298],
[-31.8835,-49.6815],
[-29.6563,-49.8359],
[-27.9638,-50.8944],
[-25.9267,-51.2427],
[-24.8579,-51.2682],
[-23.8894,-51.4931],
[-12.3432,-53.0472],
[-11.4262,-53.2781],
[-10.4574,-53.1969],
[-9.52216,-53.2962],
[-8.59818,-53.4784],
[-7.68476,-53.7838],
[-6.75919,-54.0336],
[-5.79592,-53.8286],
[-4.86324,-54.0259],
[-3.91993,-54.067],
[-2.98197,-54.4317],
[-2.03186,-54.3],
[-1.07687,-54.7117],
[-0.102616,-55.2463],
[0.840336,-54.8048],
[1.83265,-55.265],
[2.80703,-55.3087],
[3.79874,-55.4744],
[4.78064,-55.4833],
[5.71173,-55.0985],
[6.7754,-55.6068],
[15.6253,-27.1897],
[15.8175,-26.4628],
[15.9898,-25.7377],
[16.0248,-24.853],
[16.0586,-24.0069],
[16.1178,-23.2305],
[16.1051,-22.3973],
[16.1847,-21.7097],
[16.2196,-20.996],
[16.2086,-20.2581],
[16.2183,-19.571],
[16.2654,-18.9474],
[16.2963,-18.3282],
[16.3256,-17.7276],
[16.3543,-17.1454],
[16.398,-16.5944],
[16.383,-16.0078],
[16.3991,-15.4654],
[16.4175,-14.94],
[16.439,-14.4311],
[16.4485,-13.926],
[16.4622,-13.4367],
[16.3498,-12.871],
[16.697,-9.54283],
[16.7169,-9.14437],
[16.7105,-8.7397],
[16.7871,-8.37873],
[16.6543,-7.93179],
[16.5488,-7.50707],
[16.5089,-7.11714],
[16.4245,-6.35504],
[16.5326,-6.03197],
[16.6351,-5.70705],
[16.6934,-5.36937],
[16.707,-5.02104],
[16.7141,-4.67388],
[16.7344,-4.33251],
[16.7484,-3.99186],
[16.776,-3.65585],
[16.7778,-3.31663],
[16.7736,-2.97847],
[16.7831,-2.64424],
[16.7867,-2.3106],
[16.8241,-1.98181],
[16.816,-1.64894],
[16.822,-1.31835],
[16.8221,-0.988055],
[16.8365,-0.658855],
[16.9051,-0.330501],
[17.448,4.90408e-05]
]
}
