{
"beginEstimateWorld" : [
0.94862,0.220226,0.282157
],
"covMatrixIn" : [
24.0309,1.1559,66.8206,1.1559,27.8821,-67.108,66.8206,-67.108,3053.91
],
"maxIterations" : 5,
"beginEstimateMap" : [
1042.97,1028.4,0.282157
],
"covMatrixOut" : [
23.6004,0.447343,68.5804,0.447343,24.3052,-104.553,68.5804,-104.553,11200.6
],
"newEstimateMap" : [
1043.05,1028.36,0.280349
],
"newEstimateWorld" : [
0.952522,0.217823,0.280349
]
}
