{
"origo": [-1.016,0],
"size": 185,
"dataPoints": [
[18.874,5.10411e-05],
[18.701,0.344212],
[18.637,1.03002],
[18.5562,1.36867],
[18.4496,1.70307],
[18.3971,2.04045],
[18.3287,2.37528],
[17.908,2.65965],
[18.4316,3.08024],
[18.1582,3.38098],
[17.8999,3.67694],
[17.7742,3.99403],
[17.7601,4.33486],
[17.701,4.66672],
[17.6843,5.01078],
[17.4594,5.2978],
[17.2877,5.59604],
[17.6296,6.42025],
[17.5147,6.74468],
[17.3382,7.04556],
[17.256,7.75606],
[17.1361,8.0819],
[17.0467,8.42283],
[16.9599,8.76747],
[16.8665,9.11164],
[16.7489,9.44581],
[11.8938,9.0396],
[11.2649,8.92261],
[7.95038,8.36132],
[7.62325,8.34287],
[7.32077,8.33681],
[6.97255,8.27243],
[6.64282,8.21312],
[6.33772,8.16718],
[6.04317,8.12069],
[5.75896,8.07413],
[5.47857,8.02016],
[5.22063,7.98256],
[4.97204,7.94644],
[4.72664,7.90411],
[4.48458,7.85568],
[4.26276,7.82613],
[4.03823,7.78288],
[3.83274,7.75965],
[3.62447,7.72309],
[3.42898,7.69898],
[3.23091,7.66168],
[3.03552,7.61985],
[2.85198,7.59139],
[2.67068,7.55887],
[2.49171,7.52236],
[2.32329,7.50022],
[2.15281,7.4653],
[1.99207,7.44529],
[1.80434,7.34729],
[1.64832,7.32021],
[1.49737,7.29941],
[1.34796,7.27559],
[1.05677,7.22869],
[0.91736,7.21547],
[0.776623,7.1899],
[0.637372,7.16162],
[0.497579,7.12092],
[0.340634,6.97937],
[-0.521445,7.07273],
[-1.13626,6.88895],
[-1.37557,6.86058],
[-1.49455,6.84329],
[-1.61303,6.82393],
[-1.73099,6.80253],
[-1.84838,6.77909],
[-2.08446,6.74591],
[-2.20203,6.72623],
[-2.32115,6.71433],
[-2.43813,6.69053],
[-2.55693,6.67443],
[-2.67802,6.66593],
[-2.79669,6.64557],
[-2.91516,6.62309],
[-3.03631,6.60806],
[-3.16059,6.60033],
[-3.28848,6.59971],
[-3.42042,6.60603],
[-3.54968,6.60041],
[-3.67572,6.583],
[-3.80193,6.56319],
[-4.89502,6.2077],
[-5.05179,6.21454],
[-5.20437,6.20948],
[-6.52945,7.58857],
[-6.71521,7.56306],
[-6.85249,7.47033],
[-6.8624,7.21967],
[-6.86539,6.97099],
[-6.87462,6.73954],
[-6.86422,6.49507],
[-6.8471,6.25306],
[-6.85115,6.04244],
[-6.8355,5.81947],
[-6.82109,5.60588],
[-6.81565,5.40823],
[-6.80511,5.21251],
[-6.78954,5.01884],
[-6.86015,4.73247],
[-6.84729,4.55588],
[-6.83008,4.3812],
[-6.81666,4.21441],
[-6.79103,4.0437],
[-6.77782,3.88638],
[-6.78606,3.7471],
[-6.96931,3.72002],
[-7.18761,3.70826],
[-7.41594,3.69498],
[-7.64563,3.67484],
[-7.903,3.66186],
[-8.15297,3.63645],
[-8.43106,3.61654],
[-8.73775,3.60069],
[-9.07348,3.5874],
[-9.41101,3.56345],
[-9.79644,3.5475],
[-10.2024,3.52632],
[-10.6479,3.50568],
[-11.1661,-8.51696],
[-10.7744,-8.48287],
[-10.387,-8.43776],
[-10.0189,-8.39542],
[-9.94299,-8.62073],
[-9.93259,-8.91664],
[-9.9215,-9.22196],
[-9.92287,-9.5515],
[-9.90872,-9.87642],
[-9.89245,-10.2112],
[-9.86073,-10.5408],
[-9.87051,-10.9345],
[-9.82609,-11.2765],
[-9.80849,-11.6681],
[-9.77985,-12.0625],
[-9.76874,-12.5003],
[-9.76734,-12.9745],
[-9.72474,-13.4104],
[-9.70134,-13.8995],
[-9.6789,-14.4176],
[-9.62596,-14.913],
[-9.64557,-15.5683],
[-9.58851,-16.1226],
[-9.52374,-16.6975],
[-9.52474,-17.4456],
[-5.19743,-26.4009],
[-3.29854,-26.0903],
[-2.84216,-26.1162],
[-2.38086,-26.0443],
[-1.92367,-25.9942],
[-1.47057,-26.046],
[-1.01593,-25.89],
[-0.564964,-25.8361],
[-0.120414,-25.6444],
[0.334333,-25.7646],
[0.783782,-25.7371],
[1.27016,-26.1302],
[1.72794,-26.1062],
[2.19532,-26.1536],
[2.63318,-25.9648],
[3.10611,-26.0256],
[3.53191,-25.7921],
[3.92793,-25.4339],
[8.77109,-25.4961],
[10.3157,-25.4513],
[20.2567,-6.0998],
[20.2634,-5.70173],
[20.0977,-5.26417],
[19.9914,-4.84989],
[19.9359,-4.45342],
[19.8436,-4.05464],
[19.7635,-3.66392],
[19.6464,-3.27256],
[19.5717,-2.89336],
[19.4503,-2.51289],
[19.2921,-2.13442],
[19.3363,-1.78054],
[19.2645,-1.4181],
[19.1164,-1.05504],
[19.0418,-0.700382],
[18.961,-0.348649],
[18.874,5.0073e-05]
]
}
