{
"beginEstimateWorld" : [
-0.00575256,-0.00207901,0.00623492
],
"covMatrixIn" : [
17.0314,0.204075,91.7732,0.204075,15.729,79.4074,91.7732,79.4074,10641.5
],
"maxIterations" : 3,
"beginEstimateMap" : [
511.942,511.979,0.00623492
],
"H0" : [
16.3635,-0.522158,25.5203,-0.522158,18.3252,10.8071,25.5203,10.8071,1849.29
],
"dTr0" : [
-2.21969,4.60955,-30.46
],
"H1" : [
15.3201,-1.12399,3.96428,-1.12399,18.6285,15.8773,3.96428,15.8773,1582.12
],
"dTr1" : [
0.65925,-1.31213,3.65473
],
"H2" : [
14.9592,-0.647401,6.8491,-0.647401,18.9197,12.5473,6.8491,12.5473,1649.27
],
"dTr2" : [
-0.34435,0.509325,-5.73671
],
"H3" : [
15.2917,-0.692909,3.15601,-0.692909,18.8874,9.9638,3.15601,9.9638,1589.38
],
"dTr3" : [
0.343269,-0.0765747,2.03142
],
"covMatrixOut" : [
15.2917,-0.692909,3.15601,-0.692909,18.8874,9.9638,3.15601,9.9638,1589.38
],
"newEstimateMap" : [
511.88,512.192,-0.00977213
],
"newEstimateWorld" : [
-0.0120087,0.0191727,-0.00977213
]
}
