{
"beginEstimateWorld" : [
-0.00664902,-0.00120544,0.0058932
],
"covMatrixIn" : [
16.8981,-0.5947,70.4815,-0.5947,16.0359,75.7971,70.4815,75.7971,10549.5
],
"maxIterations" : 3,
"beginEstimateMap" : [
511.934,511.988,0.0058932
],
"H0" : [
16.4557,-0.604559,29.6605,-0.604559,19.1329,15.6305,29.6605,15.6305,2021.9
],
"H1" : [
15.2103,-0.949647,8.87704,-0.949647,19.3976,26.0842,8.87704,26.0842,1750.86
],
"H2" : [
14.412,-0.646135,4.64258,-0.646135,19.5894,19.9385,4.64258,19.9385,1691.82
],
"H3" : [
14.8984,-0.851054,11.1869,-0.851054,19.3467,27.373,11.1869,27.373,1781.4
],
"covMatrixOut" : [
14.8984,-0.851054,11.1869,-0.851054,19.3467,27.373,11.1869,27.373,1781.4
],
"newEstimateMap" : [
511.871,512.165,-0.00606329
],
"newEstimateWorld" : [
-0.0129013,0.0164909,-0.00606329
]
}
