{
"origo": [-1.016,0],
"size": 187,
"dataPoints": [
[18.884,5.10667e-05],
[18.701,0.344212],
[18.637,1.03002],
[18.5662,1.36937],
[18.3998,1.69872],
[18.3871,2.0394],
[18.3188,2.37406],
[17.9179,2.66104],
[18.3723,3.07086],
[18.109,3.3723],
[17.9392,3.68457],
[17.8133,4.00235],
[17.7504,4.33261],
[17.7204,4.67156],
[17.694,5.01337],
[17.4787,5.30331],
[17.259,5.58727],
[17.6012,6.41048],
[17.5429,6.75495],
[17.3662,7.05631],
[17.2928,7.77169],
[17.127,8.07784],
[17.0467,8.42283],
[16.9599,8.76747],
[16.9021,9.1298],
[16.7665,9.4552],
[11.9266,9.06254],
[11.2729,8.92849],
[7.97963,8.3886],
[7.63764,8.35676],
[7.32077,8.33681],
[6.9795,8.27962],
[6.64282,8.21312],
[6.33772,8.16718],
[6.04317,8.12069],
[5.75896,8.07413],
[5.48486,8.02793],
[5.22679,7.99045],
[4.97204,7.94644],
[4.72076,7.89602],
[4.49031,7.86387],
[4.26276,7.82613],
[4.04368,7.79126],
[3.82744,7.75117],
[3.62447,7.72309],
[3.42398,7.69032],
[3.22606,7.65293],
[3.03552,7.61985],
[2.85198,7.59139],
[2.67068,7.55887],
[2.49171,7.52236],
[2.32329,7.50022],
[2.15281,7.4653],
[1.99207,7.44529],
[1.80075,7.33795],
[1.65174,7.32961],
[1.49737,7.29941],
[1.34796,7.27559],
[1.05953,7.23831],
[0.91736,7.21547],
[0.779042,7.1996],
[0.637372,7.16162],
[0.4955,7.11114],
[0.342542,6.98919],
[-0.522142,7.06275],
[-1.13626,6.88895],
[-1.25613,6.87581],
[-1.37504,6.8506],
[-1.49455,6.84329],
[-1.61216,6.81397],
[-1.73099,6.80253],
[-1.84838,6.77909],
[-1.96657,6.76353],
[-2.08446,6.74591],
[-2.20203,6.72623],
[-2.32115,6.71433],
[-2.43813,6.69053],
[-2.55693,6.67443],
[-2.67802,6.66593],
[-2.79669,6.64557],
[-2.91516,6.62309],
[-3.03631,6.60806],
[-3.16059,6.60033],
[-3.28848,6.59971],
[-3.417,6.59664],
[-3.54609,6.59107],
[-3.67947,6.59227],
[-3.80584,6.5724],
[-4.89502,6.2077],
[-5.05179,6.21454],
[-5.20996,6.21777],
[-6.52945,7.58857],
[-6.72724,7.57904],
[-6.85249,7.47033],
[-6.8687,7.22744],
[-6.86539,6.97099],
[-6.87462,6.73954],
[-6.86422,6.49507],
[-6.8471,6.25306],
[-6.8442,6.03525],
[-6.82843,5.8124],
[-6.82109,5.60588],
[-6.80834,5.40141],
[-6.80511,5.21251],
[-6.78199,5.01228],
[-6.77667,4.83375],
[-6.76689,4.65696],
[-6.83008,4.3812],
[-6.81666,4.21441],
[-6.78284,4.03796],
[-6.78606,3.7471],
[-6.98627,3.73062],
[-7.18761,3.70826],
[-7.4246,3.69998],
[-7.65437,3.67969],
[-7.903,3.66186],
[-8.14406,3.63191],
[-8.44005,3.62093],
[-8.73775,3.60069],
[-9.08261,3.59146],
[-9.41101,3.56345],
[-9.7779,3.54001],
[-10.1838,3.51915],
[-10.6291,3.49884],
[-11.1201,-8.47839],
[-10.7744,-8.48287],
[-10.3722,-8.42438],
[-10.0189,-8.39542],
[-9.94299,-8.62073],
[-9.93966,-8.92371],
[-9.9215,-9.22196],
[-9.91605,-9.54419],
[-9.90872,-9.87642],
[-9.89901,-10.2188],
[-9.86716,-10.5485],
[-9.85792,-10.9189],
[-9.81993,-11.2686],
[-9.81451,-11.6761],
[-9.77985,-12.0625],
[-9.75154,-12.4757],
[-9.73938,-12.933],
[-9.72474,-13.4104],
[-9.68544,-13.8741],
[-9.64285,-14.3576],
[-9.65096,-14.9563],
[-9.62618,-15.5333],
[-4.2406,-26.2628],
[-3.77339,-26.2355],
[-3.31074,-26.2298],
[-2.84983,-26.226],
[-2.3908,-26.234],
[-1.92681,-26.0841],
[-1.47057,-26.046],
[-1.01593,-25.97],
[-0.564092,-25.8861],
[-0.117971,-25.7143],
[0.339043,-25.8545],
[0.778899,-25.6673],
[1.28236,-26.2696],
[1.71958,-26.0266],
[2.19898,-26.1834],
[2.65128,-26.0936],
[3.0936,-25.9466],
[3.54233,-25.8512],
[3.91075,-25.3456],
[8.81051,-25.5988],
[9.75652,-25.3783],
[10.2913,-25.3965],
[12.8642,-25.0403],
[20.673,-6.63094],
[20.2183,-6.08878],
[20.2634,-5.70173],
[20.1365,-5.27384],
[20.0109,-4.85439],
[19.9653,-4.45965],
[19.8534,-4.05655],
[19.7635,-3.66392],
[19.6563,-3.27412],
[19.5222,-2.8864],
[19.4801,-2.51655],
[19.4214,-2.14801],
[19.3263,-1.77967],
[19.2445,-1.4167],
[19.0764,-1.05295],
[18.9818,-0.698289],
[18.931,-0.348125],
[18.884,5.00982e-05]
]
}
