{
"origo": [-2.032,0],
"size": 190,
"dataPoints": [
[37.528,0.000101518],
[37.382,0.688075],
[37.2741,2.06004],
[37.1523,2.74013],
[36.9391,3.40963],
[36.814,4.08298],
[36.6574,4.75057],
[35.7764,5.31373],
[36.8434,6.15736],
[36.2573,6.75154],
[35.9177,7.37677],
[35.568,7.99222],
[35.5007,8.66521],
[35.4602,9.34796],
[35.3879,10.0267],
[34.9189,10.5956],
[34.4606,11.157],
[35.2403,12.834],
[35.067,13.5031],
[34.751,14.1198],
[34.4384,15.4809],
[34.2174,16.1394],
[34.0571,16.8288],
[33.8658,17.5086],
[33.6973,18.2051],
[33.4801,18.8822],
[23.8859,18.148],
[22.4974,17.8217],
[15.9154,16.7363],
[15.2609,16.6996],
[14.6274,16.6595],
[13.959,16.5592],
[13.2993,16.4409],
[12.6754,16.3344],
[12.0732,16.2263],
[11.5179,16.1483],
[10.9571,16.0403],
[10.4413,15.9651],
[9.94408,15.8929],
[9.45328,15.8082],
[8.98063,15.7277],
[8.52552,15.6523],
[8.07646,15.5658],
[7.66548,15.5193],
[7.24895,15.4462],
[6.85796,15.398],
[6.46182,15.3234],
[6.08043,15.2574],
[5.70396,15.1828],
[5.34136,15.1177],
[4.98342,15.0447],
[4.64658,15.0004],
[4.31344,14.949],
[3.98414,14.8906],
[3.60867,14.6946],
[3.30348,14.6592],
[3.00125,14.6177],
[2.69592,14.5512],
[2.40617,14.5167],
[2.11906,14.4766],
[1.83472,14.4309],
[1.55808,14.3992],
[1.27474,14.3232],
[0.991,14.2223],
[0.688901,13.998],
[-1.04428,14.1255],
[-2.27253,13.7779],
[-2.51225,13.7516],
[-2.75008,13.7012],
[-2.9877,13.6666],
[-3.22607,13.6479],
[-3.46198,13.6051],
[-3.69677,13.5582],
[-4.1658,13.4721],
[-4.40407,13.4525],
[-4.6423,13.4287],
[-4.87627,13.3811],
[-5.11386,13.3489],
[-5.35604,13.3319],
[-5.58821,13.2718],
[-5.83032,13.2462],
[-6.07261,13.2161],
[-6.32119,13.2007],
[-6.57697,13.1994],
[-6.834,13.1933],
[-7.09219,13.1821],
[-7.35894,13.1845],
[-7.59605,13.108],
[-9.75825,12.3645],
[-10.1036,12.4291],
[-10.4087,12.419],
[-13.0589,15.1771],
[-13.4665,15.174],
[-13.7173,14.9564],
[-13.7374,14.4549],
[-13.7308,13.942],
[-13.7624,13.4942],
[-13.7418,13.005],
[-13.7078,12.5207],
[-13.6884,12.0705],
[-13.6569,11.6248],
[-13.6422,11.2118],
[-13.6313,10.8165],
[-13.6251,10.4384],
[-13.7525,9.83462],
[-13.7358,9.47754],
[-13.7103,9.12407],
[-13.6602,8.7624],
[-13.6333,8.42881],
[-13.5984,8.09887],
[-13.5391,7.76157],
[-13.5554,7.48331],
[-13.9386,7.44004],
[-14.3924,7.42682],
[-14.8492,7.39997],
[-15.3087,7.35938],
[-15.8237,7.33311],
[-16.3059,7.27289],
[-16.8801,7.24185],
[-17.4755,7.20138],
[-18.1652,7.18293],
[-18.822,7.12689],
[-19.63,7.10999],
[-20.4049,7.05263],
[-21.2957,7.01136],
[-22.3015,-17.0082],
[-21.5337,-16.9526],
[-20.7443,-16.8488],
[-20.0379,-16.7908],
[-19.886,-17.2415],
[-19.8935,-17.8616],
[-19.8569,-18.4583],
[-19.8457,-19.103],
[-19.8174,-19.7528],
[-19.7849,-20.4225],
[-19.7472,-21.1122],
[-19.7284,-21.8534],
[-19.6645,-22.5687],
[-19.6531,-23.3841],
[-19.5714,-24.1411],
[-19.4916,-24.935],
[-19.5235,-25.9323],
[-19.4495,-26.8207],
[-19.4663,-27.9008],
[-19.296,-28.7323],
[-19.2619,-29.8433],
[-19.3396,-31.224],
[-19.2427,-32.3689],
[-19.1474,-33.591],
[-10.4168,-52.9401],
[-8.43488,-52.1484],
[-7.5217,-52.2323],
[-6.62323,-52.4796],
[-5.69548,-52.3921],
[-4.75438,-51.9487],
[-3.85711,-52.2681],
[-2.94149,-52.1121],
[-2.03187,-52.02],
[-1.13063,-51.6321],
[-0.234546,-51.4686],
[0.671806,-51.5892],
[1.56756,-51.4743],
[2.5717,-52.619],
[3.43079,-51.9737],
[4.40771,-52.4461],
[5.3109,-52.2465],
[6.17468,-51.8141],
[7.05688,-51.5448],
[7.86348,-50.9072],
[17.4275,-50.6934],
[18.4666,-50.7355],
[20.5746,-50.7748],
[24.6153,-50.116],
[40.3981,-12.1665],
[40.5074,-11.3983],
[40.3699,-10.5719],
[40.0023,-9.70428],
[40.0871,-8.95257],
[39.7461,-8.12073],
[39.4875,-7.3209],
[39.2929,-6.54511],
[39.0641,-5.77558],
[39.0197,-5.04041],
[38.7832,-4.28975],
[38.6128,-3.55585],
[38.3494,-2.82364],
[38.2327,-2.11008],
[38.0436,-1.39937],
[37.9419,-0.697646],
[37.528,9.95921e-05]
]
}
