{
"beginEstimateWorld" : [
-0.00960922,0.0203934,-0.00623447
],
"covMatrixIn" : [
15.5758,-0.352735,14.256,-0.352735,19.4618,18.9935,14.256,18.9935,1927.56
],
"maxIterations" : 5,
"beginEstimateMap" : [
1023.81,1024.41,-0.00623447
],
"H0" : [
15.845,-1.011,73.3428,-1.011,17.6557,43.6303,73.3428,43.6303,10801.7
],
"H1" : [
17.0423,-0.316621,63.4733,-0.316621,16.7082,76.0579,63.4733,76.0579,10271.8
],
"H2" : [
17.9048,-0.421927,72.9788,-0.421927,16.3469,52.7884,72.9788,52.7884,10745.7
],
"H3" : [
16.9405,-0.36132,82.6077,-0.36132,16.2214,78.3714,82.6077,78.3714,10876.5
],
"H4" : [
16.896,-0.309861,78.161,-0.309861,16.6424,70.1356,78.161,70.1356,10938.8
],
"H5" : [
16.9802,-0.372067,84.1756,-0.372067,16.2269,77.7161,84.1756,77.7161,11046.4
],
"covMatrixOut" : [
16.9802,-0.372067,84.1756,-0.372067,16.2269,77.7161,84.1756,77.7161,11046.4
],
"newEstimateMap" : [
1023.9,1023.99,0.00588387
],
"newEstimateWorld" : [
-0.00510788,-0.000457764,0.00588387
]
}
