{
"beginEstimateWorld" : [
-0.00734711,0.0143509,0.0048724
],
"covMatrixIn" : [
14.8232,-1.23782,1.31014,-1.23782,19.6235,13.9953,1.31014,13.9953,1640.92
],
"maxIterations" : 5,
"beginEstimateMap" : [
1023.85,1024.29,0.0048724
],
"H0" : [
15.6928,-1.17515,32.5281,-1.17515,17.133,43.709,32.5281,43.709,8707.65
],
"dTr0" : [
1.76016,-6.78743,91.7744
],
"H1" : [
16.4182,-0.901388,57.8625,-0.901388,16.3897,40.2482,57.8625,40.2482,8704.2
],
"dTr1" : [
1.36774,1.42869,4.6738
],
"H2" : [
16.6772,-0.754079,52.1587,-0.754079,16.2973,43.1697,52.1587,43.1697,9288.52
],
"dTr2" : [
-1.64627,-0.554721,21.8468
],
"H3" : [
15.6918,-1.09386,56.0944,-1.09386,16.63,57.066,56.0944,57.066,9126.17
],
"dTr3" : [
1.27593,0.477883,-23.6702
],
"H4" : [
16.1383,-0.648481,56.3166,-0.648481,16.221,45.3107,56.3166,45.3107,9046.97
],
"dTr4" : [
-1.07464,-0.661816,18.2189
],
"H5" : [
15.6266,-1.00709,56.9472,-1.00709,16.5486,55.8325,56.9472,55.8325,8993.65
],
"dTr5" : [
0.931214,0.665791,-15.5878
],
"covMatrixOut" : [
15.6266,-1.00709,56.9472,-1.00709,16.5486,55.8325,56.9472,55.8325,8993.65
],
"newEstimateMap" : [
1023.98,1023.96,0.0167945
],
"newEstimateWorld" : [
-0.00110626,-0.00214767,0.0167945
]
}
