{
"origo": [-2.032,0],
"size": 190,
"dataPoints": [
[37.708,0.000101979],
[37.402,0.688424],
[37.2341,2.05795],
[37.1124,2.73734],
[36.9591,3.41138],
[36.7941,4.08089],
[36.717,4.75788],
[35.7764,5.31373],
[36.8039,6.1511],
[36.2967,6.75849],
[35.8784,7.36914],
[35.6267,8.0047],
[35.5397,8.67421],
[35.4408,9.34312],
[35.4266,10.0371],
[34.9573,10.6066],
[34.4414,11.1511],
[35.2592,12.8405],
[35.0294,13.4894],
[34.695,14.0983],
[34.5488,15.5277],
[34.2723,16.1638],
[34.0934,16.8457],
[33.9557,17.5525],
[33.7686,18.2414],
[33.4624,18.8728],
[23.8532,18.1251],
[22.5135,17.8335],
[15.93,16.7499],
[15.2321,16.6718],
[14.6415,16.6736],
[13.9451,16.5449],
[13.2856,16.4262],
[12.6754,16.3344],
[12.0863,16.2414],
[11.5179,16.1483],
[10.9697,16.0559],
[10.4413,15.9651],
[9.94408,15.8929],
[9.45328,15.8082],
[8.98063,15.7277],
[8.51434,15.6357],
[8.08735,15.5825],
[7.65488,15.5023],
[7.24895,15.4462],
[6.85796,15.398],
[6.45213,15.3059],
[6.07104,15.2397],
[5.70396,15.1828],
[5.34136,15.1177],
[4.98342,15.0447],
[4.64658,15.0004],
[4.30562,14.9306],
[3.98414,14.8906],
[3.60151,14.6759],
[3.29664,14.6404],
[2.99474,14.5988],
[2.69592,14.5512],
[2.11906,14.4766],
[1.83472,14.4309],
[1.55808,14.3992],
[1.27474,14.3232],
[0.991,14.2223],
[0.688901,13.998],
[-1.04428,14.1255],
[-2.27253,13.7779],
[-2.51225,13.7516],
[-2.75008,13.7012],
[-2.9877,13.6666],
[-3.22607,13.6479],
[-3.45989,13.5852],
[-3.69677,13.5582],
[-3.93314,13.5271],
[-4.16893,13.4918],
[-4.40407,13.4525],
[-4.6423,13.4287],
[-4.87627,13.3811],
[-5.11386,13.3489],
[-5.35604,13.3319],
[-5.58821,13.2718],
[-5.83032,13.2462],
[-6.07261,13.2161],
[-6.32119,13.2007],
[-6.57697,13.1994],
[-6.834,13.1933],
[-7.09219,13.1821],
[-7.35145,13.166],
[-7.59605,13.108],
[-9.79005,12.4154],
[-10.0927,12.4123],
[-10.4087,12.419],
[-13.0824,15.2095],
[-13.4545,15.1581],
[-13.7419,14.9879],
[-13.7374,14.4549],
[-13.7308,13.942],
[-13.7624,13.4942],
[-13.7418,13.005],
[-13.6942,12.5061],
[-13.7023,12.0849],
[-13.671,11.6389],
[-13.6566,11.2257],
[-13.6313,10.8165],
[-13.6102,10.425],
[-13.5687,9.68035],
[-13.5493,9.3265],
[-13.5055,8.964],
[-13.4845,8.63],
[-13.4392,8.28774],
[-13.4019,7.96121],
[-13.4396,7.69447],
[-13.807,7.6467],
[-14.2439,7.63081],
[-14.701,7.61223],
[-15.161,7.57997],
[-15.6586,7.5533],
[-16.1768,7.5209],
[-16.7514,7.49989],
[-17.3654,7.47857],
[-18.0193,7.45495],
[-18.6951,7.41883],
[-19.448,7.39259],
[-20.2605,7.36472],
[-21.1704,7.34649],
[-22.5642,-16.6267],
[-21.8112,-16.5968],
[-21.0355,-16.5196],
[-20.2985,-16.4473],
[-20.1842,-16.9272],
[-20.2025,-17.5471],
[-20.1905,-18.1585],
[-20.1625,-18.7748],
[-20.1731,-19.4541],
[-20.152,-20.1244],
[-20.0998,-20.7847],
[-20.12,-21.5565],
[-20.0557,-22.2575],
[-20.0462,-23.0572],
[-19.9781,-23.8154],
[-19.9594,-24.6751],
[-19.9849,-25.6395],
[-19.8366,-26.3966],
[-19.8961,-27.5084],
[-19.8266,-28.4775],
[-19.9037,-29.7437],
[-19.7819,-30.7439],
[-19.7566,-31.9761],
[-19.684,-33.1989],
[-11.2769,-52.4312],
[-9.36351,-52.1673],
[-8.43001,-52.1087],
[-7.53843,-52.3914],
[-6.59534,-52.1608],
[-5.68571,-52.2524],
[-4.75125,-51.8888],
[-3.85223,-52.1282],
[-2.93206,-51.5721],
[-2.03187,-51.76],
[-1.13307,-51.4922],
[-0.231754,-51.5486],
[0.659245,-51.3495],
[1.64848,-52.6315],
[2.52986,-52.1408],
[3.48096,-52.4511],
[4.36871,-52.1285],
[5.30812,-52.2267],
[6.11837,-51.4585],
[6.98047,-51.1115],
[16.5193,-50.9689],
[17.4275,-50.6934],
[18.5415,-50.9209],
[19.6146,-50.9959],
[41.165,-14.0354],
[40.3706,-12.9637],
[40.3597,-12.1555],
[39.6188,-11.1602],
[39.943,-10.4654],
[39.827,-9.66379],
[39.461,-8.81951],
[39.3534,-8.0444],
[39.2906,-7.28617],
[39.1151,-6.51696],
[38.7275,-5.72826],
[38.6624,-4.99654],
[38.6241,-4.27302],
[38.3737,-3.53494],
[38.1698,-2.81108],
[38.0131,-2.09857],
[37.8437,-1.39239],
[37.708,0.000100045]
]
}
