{
"beginEstimateWorld" : [
1.04617,0.247704,0.285996
],
"covMatrixIn" : [
22.9127,1.07209,38.4085,1.07209,20.2018,-65.839,38.4085,-65.839,2386.94
],
"maxIterations" : 5,
"beginEstimateMap" : [
1044.92,1028.95,0.285996
],
"covMatrixOut" : [
22.5531,1.75947,40.8988,1.75947,19.8011,-137.208,40.8988,-137.208,9531.7
],
"newEstimateMap" : [
1045.04,1028.93,0.283878
],
"newEstimateWorld" : [
1.05219,0.24662,0.283878
]
}
