{
"origo": [-2.032,0],
"size": 184,
"dataPoints": [
[15.028,4.37788e-05],
[15.0654,0.29848],
[15.1045,0.898129],
[15.1061,1.19846],
[15.1424,1.50261],
[15.1533,1.8063],
[15.1589,2.11082],
[15.1987,2.42166],
[15.3118,2.74703],
[15.1661,3.34302],
[15.2812,3.68008],
[15.2728,3.99518],
[15.2975,4.32077],
[15.316,4.64843],
[15.3668,4.98908],
[15.3919,5.32706],
[15.3533,5.64887],
[15.3335,6.32058],
[15.2952,6.65135],
[15.6049,7.48645],
[15.5263,7.81752],
[15.5685,8.20729],
[15.5843,8.59212],
[15.5921,8.97998],
[15.5563,9.35192],
[15.3554,9.63806],
[11.5635,13.1291],
[11.2191,13.2512],
[10.8469,13.3366],
[10.4485,13.3838],
[10.0792,13.451],
[9.71142,13.5093],
[9.31959,13.5284],
[7.40778,11.6572],
[7.09207,11.6783],
[6.79058,11.708],
[6.59666,11.8764],
[6.30777,11.9105],
[6.02035,11.9382],
[5.74541,11.9762],
[5.47163,12.0084],
[-2.25682,12.878],
[-2.48224,12.8921],
[-2.70926,12.9223],
[-2.93747,12.9484],
[-3.16854,12.9904],
[-3.39927,13.0083],
[-3.6334,13.0421],
[-3.8719,13.0913],
[-4.10635,13.0967],
[-4.3485,13.1373],
[-4.58887,13.1538],
[-4.83468,13.1854],
[-5.08687,13.2319],
[-5.34153,13.2736],
[-5.59338,13.2911],
[-5.85237,13.3231],
[-6.12524,13.3883],
[-6.39535,13.4289],
[-6.68115,13.502],
[-6.97081,13.5691],
[-7.27137,13.6489],
[-7.56872,13.7038],
[-7.86956,13.7523],
[-10.3138,13.7832],
[-10.7333,13.9249],
[-11.1384,14.0225],
[-11.5495,14.1102],
[-11.9779,14.2041],
[-12.4123,14.2872],
[-12.8527,14.3594],
[-13.2863,14.4048],
[-13.75,14.4704],
[-14.245,14.5548],
[-14.7727,14.6564],
[-15.2942,14.7291],
[-15.8493,14.8172],
[-16.4254,14.9047],
[-17.0227,14.9906],
[-17.6705,15.1018],
[-18.3412,15.2085],
[-19.0501,15.323],
[-19.7828,15.4305],
[-20.5856,15.5683],
[-21.4451,15.7204],
[-22.3154,15.8471],
[-23.5195,15.6115],
[-24.5915,15.7962],
[-26.7896,16.0777],
[-27.7957,16.0989],
[-31.1243,17.4803],
[-31.5635,17.0499],
[-31.5242,16.3477],
[-31.6638,15.7554],
[-31.7738,15.1541],
[-31.9259,14.5801],
[-31.9946,13.9717],
[-32.179,13.4222],
[-32.2062,12.8081],
[-46.1125,-10.1769],
[-46.1804,-11.0076],
[-51.5599,-35.9843],
[-51.9626,-37.6256],
[-52.7168,-39.5995],
[-53.0282,-41.2961],
[-54.0074,-46.7991],
[-52.8463,-47.3854],
[-34.2091,-49.5487],
[-27.8367,-50.6449],
[-25.9521,-51.2971],
[-24.0066,-51.7692],
[-12.4577,-53.6361],
[-11.4644,-53.4948],
[-10.5763,-53.9476],
[-9.5667,-53.6131],
[-8.66399,-54.0144],
[-7.72239,-54.1418],
[-6.76268,-54.0735],
[-5.81964,-54.1677],
[-4.89359,-54.6051],
[-3.92621,-54.2469],
[-2.98162,-54.4117],
[-2.03186,-54.82],
[-1.06849,-55.1916],
[-0.0984279,-55.3662],
[0.874879,-55.4639],
[1.8466,-55.4646],
[2.86455,-55.9662],
[3.84682,-55.9319],
[4.80257,-55.662],
[5.86761,-56.2076],
[14.0381,-27.834],
[14.027,-26.7264],
[14.067,-25.7637],
[14.0894,-24.8246],
[14.1511,-23.9923],
[14.1888,-23.1656],
[14.2144,-22.3612],
[14.2532,-21.611],
[14.3077,-20.9138],
[14.3556,-20.2368],
[14.3463,-19.5188],
[14.3958,-18.8979],
[14.4287,-18.2813],
[14.4451,-17.6695],
[14.4731,-17.0915],
[14.5002,-16.5321],
[14.5272,-15.991],
[14.5551,-15.4677],
[14.5848,-14.9617],
[14.6018,-14.4595],
[14.6065,-13.9613],
[14.63,-13.4926],
[14.6581,-13.0397],
[14.6595,-12.5779],
[14.6661,-12.1318],
[14.6132,-11.655],
[14.8971,-8.62578],
[14.8653,-8.24133],
[14.6985,-7.80149],
[14.759,-7.47578],
[14.8133,-7.15034],
[14.9726,-6.87024],
[14.8845,-6.49359],
[14.5713,-5.71693],
[14.6686,-5.4263],
[14.799,-5.1457],
[14.8862,-4.85117],
[14.891,-4.53447],
[14.89,-4.21908],
[14.9026,-3.90961],
[14.9095,-3.60099],
[14.9305,-3.29714],
[14.9461,-2.99365],
[14.9562,-2.69063],
[14.961,-2.38817],
[14.9604,-2.08636],
[14.9743,-1.78739],
[14.983,-1.48858],
[14.9864,-1.19],
[15.0046,-0.892808],
[15.0376,-0.59604],
[15.0254,-0.297695],
[15.028,4.29485e-05]
]
}
