{
"origo": [-2.032,0],
"size": 159,
"dataPoints": [
[24.168,6.72336e-05],
[23.4441,0.444753],
[22.0949,1.2645],
[21.4706,1.64352],
[20.8805,2.00464],
[20.2453,2.34149],
[19.7048,2.66899],
[19.2191,2.98671],
[17.6987,3.83531],
[17.2375,4.09591],
[16.8123,4.3506],
[16.3648,4.58689],
[15.9728,4.82443],
[15.5783,5.04972],
[15.258,5.28613],
[12.8588,6.62985],
[12.5595,6.80419],
[12.2588,6.97014],
[11.9568,7.12769],
[11.6007,7.24868],
[10.1714,8.23135],
[9.76377,8.25953],
[9.56928,8.42887],
[9.35652,8.58191],
[-1.01778,14.5046],
[-1.27003,14.54],
[-1.52041,14.6511],
[-1.77339,14.8177],
[-2.03204,14.96],
[-2.29592,15.1177],
[-2.5653,15.2707],
[-2.84115,15.4388],
[-3.12303,15.6019],
[-3.41259,15.7797],
[-3.70868,15.9521],
[-4.01364,16.1388],
[-4.3284,16.3394],
[-4.65076,16.5339],
[-4.98059,16.722],
[-5.32541,16.9429],
[-5.68713,17.1958],
[-6.02268,17.2853],
[-6.39148,17.4847],
[-6.85126,17.9855],
[-7.26916,18.264],
[-7.54618,18.0359],
[-7.78594,17.7087],
[-8.0225,17.3975],
[-8.25681,17.1024],
[-8.48983,16.8231],
[-10.4366,13.45],
[-10.6373,13.251],
[-10.8337,13.049],
[-10.9913,12.7951],
[-11.1662,12.5721],
[-11.3241,12.3309],
[-10.2635,10.165],
[-10.4011,9.97388],
[-10.5345,9.78101],
[-10.7441,9.67572],
[-10.8844,9.49295],
[-11.0209,9.30823],
[-11.1396,9.10751],
[-11.2683,8.91939],
[-11.408,8.74319],
[-11.5294,8.55147],
[-11.8067,8.20194],
[-11.9173,8.00493],
[-12.0398,7.81887],
[-12.1587,7.63099],
[-12.2742,7.44134],
[-12.4025,7.26145],
[-12.5276,7.07936],
[-12.6328,6.88421],
[-12.7513,6.69815],
[-12.8838,6.52035],
[-12.9959,6.32997],
[-13.1047,6.13766],
[-13.2278,5.95287],
[-13.3478,5.76565],
[-13.4647,5.57605],
[-13.5965,5.39258],
[-13.7071,5.19806],
[-13.8329,5.00914],
[-13.9556,4.81741],
[-14.0752,4.62292],
[-14.1916,4.42571],
[-14.2859,4.21933],
[-16.0865,1.72563],
[-16.194,1.48845],
[-16.2975,1.24803],
[-16.4368,1.00725],
[-16.592,0.763021],
[-16.763,0.514381],
[-16.9297,0.260003],
[-17.092,-3.828e-05],
[-17.2697,-0.266013],
[-17.4426,-0.538189],
[-17.6306,-0.817527],
[-17.8135,-1.10359],
[-18.011,-1.39802],
[-18.2228,-1.70176],
[-18.4289,-2.01332],
[-18.6289,-2.33258],
[-18.882,-2.66881],
[-19.1086,-3.0111],
[-19.3479,-3.36591],
[-19.58,-3.72998],
[-19.824,-4.10765],
[-20.0795,-4.49979],
[-20.3653,-4.91243],
[-20.6997,-5.35293],
[-21.0625,-5.81825],
[-21.3575,-6.27927],
[-21.642,-6.75233],
[-21.8407,-7.20984],
[-23.7834,-10.1429],
[-24.34,-10.8804],
[-24.9843,-11.6949],
[-25.5537,-12.5068],
[-26.1015,-13.342],
[-26.7137,-14.2501],
[-27.3527,-15.2143],
[-28.084,-16.2792],
[-28.9197,-17.4612],
[-29.7384,-18.6883],
[-30.3582,-19.8343],
[-32.9202,-22.4417],
[-32.412,-22.8931],
[-31.803,-23.2598],
[-31.377,-23.7632],
[-30.636,-24.0018],
[-30.2128,-24.4973],
[-29.6472,-24.865],
[-29.1652,-25.3022],
[5.93111,-64.853],
[7.10627,-65.021],
[25.0986,-53.2465],
[26.8688,-54.3542],
[35.5197,-41.7052],
[36.3373,-41.1459],
[36.6606,-40.0671],
[36.8448,-38.8766],
[37.6757,-38.345],
[38.0755,-37.4007],
[38.8262,-36.7887],
[39.2356,-35.8732],
[39.932,-35.2118],
[40.5246,-34.4615],
[41.1196,-33.7135],
[41.318,-32.6664],
[41.9624,-31.9637],
[41.7599,-30.6633],
[46.8843,-24.924],
[46.6288,-23.7333],
[25.0419,-3.80492],
[26.6305,-1.00085],
[25.7038,-0.48406],
[24.168,6.59584e-05]
]
}
