{
"beginEstimateWorld" : [
1.23617,0.194012,-0.830888
],
"covMatrixIn" : [
13.669,-0.821941,22.179,-0.821941,35.9696,-156.434,22.179,-156.434,2416.1
],
"maxIterations" : 5,
"beginEstimateMap" : [
1048.72,1027.88,-0.830888
],
"covMatrixOut" : [
16.1248,-1.63625,2.19273,-1.63625,29.8057,-172.224,2.19273,-172.224,7985.26
],
"newEstimateMap" : [
1048.54,1027.77,-0.831989
],
"newEstimateWorld" : [
1.22685,0.18853,-0.831989
]
}
