{
"origo": [-2.032,0],
"size": 154,
"dataPoints": [
[25.1314,0.948638],
[24.212,1.37546],
[23.2862,1.77048],
[22.4744,2.14409],
[21.6973,2.49411],
[20.9752,2.82499],
[20.3679,3.14815],
[18.4447,3.98033],
[17.9026,4.23729],
[17.358,4.47658],
[16.8305,4.70301],
[16.3592,4.92796],
[15.9051,5.14344],
[15.4492,5.3446],
[12.6761,6.5485],
[12.3239,6.69431],
[12.0071,6.84739],
[11.6717,6.98241],
[11.3005,7.08905],
[-2.25717,12.898],
[-2.48642,13.0121],
[-2.71973,13.122],
[-2.957,13.2277],
[-3.19818,13.3291],
[-3.44317,13.426],
[-3.69677,13.5582],
[-3.95541,13.6855],
[-4.21899,13.8079],
[-4.48742,13.9252],
[-4.76442,14.0569],
[-5.04676,14.1831],
[-5.33882,14.3232],
[-5.63667,14.4574],
[-5.9402,14.5855],
[-6.26031,14.7457],
[-6.58719,14.8992],
[-6.93923,15.1028],
[-7.29973,15.2985],
[-7.66853,15.4861],
[-8.05262,15.6841],
[-8.4453,15.8734],
[-12.0051,15.9602],
[-12.2059,15.6663],
[-12.3883,15.3538],
[-12.5629,15.0396],
[-12.7297,14.7241],
[-12.9129,14.4393],
[-13.077,14.1369],
[-13.2339,13.8332],
[-13.3965,13.5436],
[-13.5393,13.2376],
[-13.6883,12.9456],
[-13.8306,12.6524],
[-13.9802,12.3726],
[-14.1236,12.0915],
[-14.2752,11.8231],
[-14.4212,11.553],
[-14.5763,11.2949],
[-14.9016,10.7988],
[-15.0259,10.5222],
[-13.5803,8.70222],
[-13.698,8.47583],
[-13.8114,8.248],
[-14.0365,8.09708],
[-14.1592,7.87545],
[-14.2778,7.652],
[-14.3924,7.42682],
[-14.5028,7.19997],
[-14.6265,6.98123],
[-14.7465,6.76036],
[-14.8625,6.53743],
[-14.9747,6.31251],
[-15.0828,6.08567],
[-15.2053,5.86511],
[-15.3241,5.64212],
[-15.4205,5.40928],
[-15.5129,5.1748],
[-15.6388,4.95242],
[-15.7042,4.70768],
[-17.3768,1.88406],
[-17.467,1.62224],
[-17.5328,1.3561],
[-17.6539,1.09235],
[-17.7904,0.825821],
[-17.9223,0.554862],
[-18.0696,0.279896],
[-18.212,-4.11268e-05],
[-18.3695,-0.285214],
[-18.5219,-0.575884],
[-18.6692,-0.871959],
[-18.831,-1.17474],
[-19.0072,-1.48518],
[-19.1577,-1.80002],
[-19.342,-2.12545],
[-19.5399,-2.46062],
[-19.6919,-2.79709],
[-19.8767,-3.14655],
[-20.0547,-3.5033],
[-20.2451,-3.87136],
[-20.4671,-4.25612],
[-20.6617,-4.64495],
[-20.8869,-5.0522],
[-21.1611,-5.48523],
[-21.4258,-5.92935],
[-21.6618,-6.37816],
[-21.8311,-6.81745],
[-21.9347,-7.24404],
[-23.3121,-9.92313],
[-23.7828,-10.6086],
[-24.2359,-11.3135],
[-24.6531,-12.0279],
[-24.9995,-12.7312],
[-25.38,-13.4801],
[-25.8784,-14.3284],
[-26.3031,-15.1664],
[-26.8063,-16.0887],
[-27.3342,-17.0666],
[-27.9008,-18.1136],
[-28.5677,-19.2794],
[-29.1856,-20.4618],
[-29.9275,-21.7945],
[-30.4289,-22.9954],
[-32.7656,-25.7887],
[-32.2203,-26.2424],
[-31.6091,-26.6315],
[-30.9204,-26.939],
[-30.3739,-27.3696],
[-29.7647,-27.7328],
[-29.1375,-28.0687],
[-28.548,-28.4351],
[-10.8636,-50.0873],
[-10.0538,-50.6487],
[28.8498,-51.3957],
[37.0711,-39.1029],
[37.7858,-35.8519],
[38.5262,-35.2565],
[39.0127,-34.4405],
[39.39,-33.5427],
[39.843,-32.7161],
[40.1839,-31.8118],
[40.7004,-31.0467],
[44.443,-23.68],
[44.4717,-22.6812],
[44.6973,-21.7901],
[44.5406,-20.7353],
[48.8876,-16.5446],
[49.073,-15.6242],
[49.011,-14.6362],
[49.6837,-13.857],
[50.0923,-12.9959],
[50.2527,-12.0707],
[50.8076,-11.2313],
[23.0667,-1.75501],
[23.0336,-1.31357]
]
}
