{
"beginEstimateWorld" : [
1.30783,0.0966072,-0.945091
],
"covMatrixIn" : [
15.3704,0.066296,-5.30847,0.066296,31.3777,-116.971,-5.30847,-116.971,2020.96
],
"maxIterations" : 5,
"beginEstimateMap" : [
1050.16,1025.93,-0.945091
],
"covMatrixOut" : [
13.8966,-1.01292,16.1022,-1.01292,29.435,-227.799,16.1022,-227.799,9208.6
],
"newEstimateMap" : [
1050.11,1026.13,-0.933849
],
"newEstimateWorld" : [
1.30544,0.106304,-0.933849
]
}
