{
"beginEstimateWorld" : [
-0.00846481,0.0138168,-0.0118077
],
"covMatrixIn" : [
16.104,-1.23305,13.5883,-1.23305,18.9524,9.57567,13.5883,9.57567,1782.34
],
"maxIterations" : 5,
"beginEstimateMap" : [
1023.83,1024.28,-0.0118077
],
"covMatrixOut" : [
16.1706,-0.503521,36.5661,-0.503521,15.9059,51.9346,36.5661,51.9346,8264.01
],
"newEstimateMap" : [
1023.95,1024,0.00433215
],
"newEstimateWorld" : [
-0.00269318,0.000110626,0.00433215
]
}
