{
"origo": [-2.032,0],
"size": 188,
"dataPoints": [
[37.768,0.000102133],
[37.422,0.688773],
[37.2341,2.05795],
[37.1124,2.73734],
[36.9391,3.40963],
[36.7345,4.07462],
[36.6177,4.74569],
[35.7764,5.31373],
[36.8434,6.15736],
[36.2573,6.75154],
[35.8392,7.36151],
[35.568,7.99222],
[35.5007,8.66521],
[35.4408,9.34312],
[35.3686,10.0216],
[34.8996,10.5901],
[34.5371,11.1804],
[35.2592,12.8405],
[35.0294,13.4894],
[34.695,14.0983],
[34.5488,15.5277],
[34.2905,16.1719],
[34.0028,16.8034],
[33.9736,17.5612],
[33.7864,18.2505],
[33.6037,18.948],
[15.2753,16.7135],
[14.6274,16.6595],
[13.9451,16.5449],
[13.2856,16.4262],
[12.6754,16.3344],
[12.0863,16.2414],
[11.5051,16.1329],
[10.9571,16.0403],
[10.4413,15.9651],
[9.95611,15.9089],
[9.45328,15.8082],
[8.98063,15.7277],
[8.52552,15.6523],
[8.08735,15.5825],
[7.66548,15.5193],
[7.24895,15.4462],
[6.85796,15.398],
[6.46182,15.3234],
[6.08043,15.2574],
[5.70396,15.1828],
[5.34136,15.1177],
[4.99188,15.0629],
[4.65471,15.0187],
[4.31344,14.949],
[3.98414,14.8906],
[3.66601,14.8439],
[3.35136,14.7908],
[3.04683,14.7501],
[2.73919,14.6843],
[2.44125,14.6315],
[2.15214,14.592],
[1.8606,14.5275],
[1.58228,14.4962],
[1.30174,14.4402],
[1.02427,14.3788],
[0.742326,14.2729],
[0.440714,14.0237],
[-2.27323,13.8179],
[-2.51295,13.7716],
[-2.75218,13.7411],
[-2.98909,13.6866],
[-3.22781,13.6678],
[-3.46407,13.6249],
[-3.69921,13.578],
[-3.93314,13.5271],
[-4.40407,13.4525],
[-4.63849,13.409],
[-4.87627,13.3811],
[-5.10936,13.3294],
[-5.34636,13.293],
[-5.58821,13.2718],
[-5.8248,13.227],
[-6.06092,13.1779],
[-6.30265,13.1436],
[-6.55092,13.1238],
[-6.80663,13.1181],
[-7.06352,13.1075],
[-7.32148,13.0918],
[-7.58823,13.0896],
[-7.82396,13.0089],
[-9.74766,12.3476],
[-10.0055,12.2781],
[-10.3193,12.2863],
[-10.6242,12.2709],
[-13.3221,14.9824],
[-13.7173,14.9564],
[-13.964,14.7347],
[-13.975,14.2331],
[-13.9723,13.7357],
[-13.9827,13.2725],
[-13.967,12.7987],
[-13.9107,12.3007],
[-13.8973,11.8652],
[-13.8724,11.434],
[-13.8215,10.9938],
[-13.8034,10.599],
[-13.7904,10.2214],
[-13.7372,9.82176],
[-13.7358,9.47754],
[-13.6946,9.11176],
[-13.6602,8.7624],
[-13.6333,8.42881],
[-13.5821,8.0874],
[-13.5721,7.4942],
[-13.9386,7.44004],
[-14.3581,7.40622],
[-14.8319,7.38997],
[-15.2913,7.34968],
[-15.806,7.32372],
[-16.3059,7.27289],
[-16.8801,7.24185],
[-17.4936,7.20983],
[-18.147,7.17479],
[-18.822,7.12689],
[-19.5743,7.08751],
[-20.3862,7.04547],
[-21.2769,7.00452],
[-22.3015,-17.0082],
[-21.5487,-16.9657],
[-20.7592,-16.8621],
[-20.0233,-16.7772],
[-19.9004,-17.2554],
[-19.8793,-17.8474],
[-19.843,-18.4439],
[-19.7912,-19.0445],
[-19.8174,-19.7528],
[-19.7849,-20.4225],
[-19.7472,-21.1122],
[-19.7033,-21.8223],
[-19.6645,-22.5687],
[-19.641,-23.3681],
[-19.5362,-24.0926],
[-19.5145,-24.9678],
[-19.4788,-25.866],
[-19.4059,-26.7536],
[-19.3921,-27.7821],
[-19.3166,-28.7666],
[-19.2719,-29.8606],
[-19.3202,-31.189],
[-19.2521,-32.3866],
[-18.9618,-34.7115],
[-10.4011,-52.8413],
[-8.47144,-52.4462],
[-7.54052,-52.4113],
[-6.61452,-52.3799],
[-5.6899,-52.3123],
[-4.77323,-52.3082],
[-3.84734,-51.9883],
[-2.94079,-52.0721],
[-2.03187,-51.82],
[-1.12993,-51.6721],
[-0.235244,-51.4486],
[0.672853,-51.6092],
[1.56477,-51.4344],
[2.55078,-52.3799],
[3.45588,-52.2124],
[4.39552,-52.3469],
[5.27472,-51.9891],
[6.21849,-52.0907],
[7.04993,-51.5054],
[7.87112,-50.9464],
[17.4992,-50.8801],
[19.6459,-51.0696],
[20.5746,-50.7748],
[22.4468,-50.1886],
[40.4942,-12.1941],
[40.3722,-11.362],
[40.0983,-10.5041],
[39.788,-9.65479],
[39.6567,-8.86109],
[39.4712,-8.0673],
[39.4875,-7.3209],
[39.1744,-6.52634],
[38.9057,-5.75331],
[38.8808,-5.02335],
[38.7235,-4.28347],
[38.5928,-3.55411],
[38.2895,-2.81945],
[38.1129,-2.1038],
[38.0036,-1.39797],
[37.9019,-0.696949],
[37.768,0.000100196]
]
}
