{
"origo": [-1.016,0],
"size": 200,
"dataPoints": [
[6.934,2.0401e-05],
[6.8628,0.137545],
[6.79328,0.409287],
[6.73507,0.542028],
[6.66466,0.671991],
[6.61198,0.801753],
[6.53727,0.927445],
[6.48033,1.05356],
[6.45092,1.18266],
[6.40945,1.30933],
[6.21859,1.40628],
[6.23207,1.54064],
[6.18459,1.66241],
[6.11567,1.77814],
[6.06423,1.89716],
[6.02043,2.01768],
[5.97458,2.13726],
[5.9172,2.25275],
[5.85791,2.3669],
[5.72159,2.4523],
[5.64976,2.55876],
[5.63004,2.8211],
[5.55238,2.92445],
[5.50034,3.03864],
[5.3636,3.25059],
[5.28824,3.35204],
[5.13545,4.14923],
[4.98837,4.20433],
[4.88981,4.29085],
[4.32149,5.15438],
[4.30143,5.31746],
[4.27728,5.48138],
[4.22855,5.62412],
[4.16306,5.75195],
[4.10124,5.88675],
[4.0363,6.02112],
[3.97449,6.16278],
[3.90928,6.3041],
[3.83461,6.43702],
[3.76856,6.58541],
[3.69878,6.73344],
[3.62528,6.88102],
[3.5535,7.03646],
[3.483,7.19994],
[3.40816,7.36308],
[3.32898,7.52577],
[3.2503,7.69666],
[3.16697,7.86707],
[3.08351,8.0458],
[2.99507,8.22398],
[2.90165,8.40148],
[2.7951,8.55993],
[2.69983,8.75401],
[2.66636,9.11423],
[2.55332,9.29847],
[2.28447,9.06804],
[2.08013,8.99189],
[1.87947,8.91141],
[1.49779,8.76671],
[1.31335,8.69334],
[1.13466,8.62593],
[0.959048,8.55497],
[0.778256,8.44142],
[-0.451691,8.0703],
[-0.600473,7.92912],
[-1.13225,6.65899],
[-1.24705,6.61597],
[-1.36039,6.57098],
[-1.47292,6.53404],
[-1.5834,6.48523],
[-1.69336,6.4445],
[-1.80085,6.392],
[-1.90812,6.34762],
[-2.01563,6.31133],
[-2.12042,6.26337],
[-2.22574,6.22351],
[-2.33002,6.18189],
[-2.43546,6.14827],
[-2.53528,6.09345],
[-2.63881,6.05635],
[-2.74151,6.01749],
[-2.84334,5.9769],
[-2.94428,5.93459],
[-3.05082,5.90949],
[-3.16048,5.89187],
[-3.27015,5.87222],
[-3.37604,5.84125],
[-3.48153,5.80838],
[-4.31741,5.28333],
[-4.43635,5.26684],
[-4.5613,5.25609],
[-4.66396,5.2098],
[-4.77784,5.1777],
[-4.8917,5.1432],
[-4.99934,5.09842],
[-5.11289,5.05921],
[-5.21342,5.00226],
[-5.33288,4.96598],
[-5.44566,4.91961],
[-5.55812,4.8708],
[-5.67717,4.82676],
[-5.79605,4.78003],
[-5.91472,4.73061],
[-6.0331,4.6785],
[-6.16601,4.63706],
[-6.29143,4.58584],
[-6.42428,4.53807],
[-6.62665,4.3835],
[-6.7582,4.32704],
[-6.89756,4.27318],
[-7.04497,4.22151],
[-7.17576,4.15479],
[-7.3312,4.10112],
[-7.47814,4.03797],
[-7.63334,3.97608],
[-7.78833,3.90998],
[-7.943,3.83967],
[-8.11491,3.77453],
[-8.28662,3.70454],
[-8.46701,3.63408],
[-8.64712,3.55843],
[-8.84509,3.48571],
[-9.04281,3.40716],
[-9.2494,3.32649],
[-9.45557,3.23962],
[-9.67058,3.14998],
[-9.85661,3.04404],
[-13.8596,1.57696],
[-14.273,1.39333],
[-14.7436,1.20097],
[-15.2313,0.993994],
[-15.7857,0.774011],
[-16.4166,0.537762],
[-17.0836,0.280419],
[-18.086,-4.33891e-05],
[-19.2632,-0.318553],
[-19.1749,-0.63417],
[-19.0912,-0.947327],
[-18.9622,-1.25496],
[-18.8778,-1.56275],
[-18.6787,-1.85647],
[-18.6436,-2.16444],
[-18.5338,-2.46202],
[-18.896,-16.0993],
[-18.8464,-16.6272],
[-18.6038,-16.9844],
[-17.5419,-20.4079],
[-15.0131,-28.6985],
[-14.7975,-29.5547],
[-14.5399,-30.3754],
[-14.2617,-31.2051],
[-4.16432,-29.955],
[1.94118,-28.135],
[2.90179,-27.876],
[3.38457,-27.7837],
[3.80628,-27.3481],
[8.79976,-25.5707],
[9.24079,-25.3863],
[9.65884,-25.1482],
[10.1246,-25.022],
[10.5892,-24.8872],
[11.0305,-24.6988],
[11.4597,-24.4848],
[11.9884,-24.4576],
[12.4036,-24.2094],
[12.8541,-24.0235],
[13.2867,-23.8035],
[13.7423,-23.6181],
[14.2503,-23.5079],
[14.7589,-23.3871],
[15.0442,-22.9362],
[15.4597,-22.6767],
[16.0455,-22.6413],
[16.4812,-22.3952],
[9.78392,-9.38818],
[9.92314,-9.17898],
[9.98794,-5.60676],
[9.78752,-5.26919],
[9.66032,-4.97842],
[9.52633,-4.69371],
[9.38572,-4.41524],
[8.67527,-3.14886],
[8.60443,-2.94124],
[8.51972,-2.7343],
[8.40178,-2.52346],
[8.28914,-2.32001],
[8.20155,-2.12801],
[8.10034,-1.93771],
[8.00516,-1.75351],
[7.92606,-1.5767],
[7.84357,-1.40319],
[7.75778,-1.23305],
[7.66878,-1.06633],
[7.57667,-0.903104],
[7.4915,-0.744289],
[7.42339,-0.590119],
[7.34253,-0.438031],
[7.27894,-0.289645],
[7.20275,-0.143438],
[6.934,2.00141e-05]
]
}
