{
"beginEstimateWorld" : [
1.18373,0.243492,-0.205899
],
"covMatrixIn" : [
21.9,0.870913,39.969,0.870913,25.406,-117.19,39.969,-117.19,8403.13
],
"maxIterations" : 3,
"beginEstimateMap" : [
523.837,514.435,-0.205899
],
"covMatrixOut" : [
24.5061,-0.00402947,19.3259,-0.00402947,25.2197,-76.8108,19.3259,-76.8108,2450.25
],
"newEstimateMap" : [
523.795,514.454,-0.236085
],
"newEstimateWorld" : [
1.17953,0.245384,-0.236085
]
}
