{
"beginEstimateWorld" : [
0.814075,0.188793,0.248895
],
"covMatrixIn" : [
18.1421,-0.457617,41.8031,-0.457617,20.9922,-47.0032,41.8031,-47.0032,2633.78
],
"maxIterations" : 5,
"beginEstimateMap" : [
1040.28,1027.78,0.248895
],
"covMatrixOut" : [
18.0634,0.473996,35.7041,0.473996,16.4231,-96.9774,35.7041,-96.9774,9007.23
],
"newEstimateMap" : [
1040.37,1027.43,0.248322
],
"newEstimateWorld" : [
0.818737,0.171436,0.248322
]
}
