{
"origo": [-2.032,0],
"size": 180,
"dataPoints": [
[20.208,5.70716e-05],
[20.2246,0.388548],
[20.2574,1.1682],
[20.2137,1.55563],
[20.223,1.94712],
[20.2254,2.3394],
[20.2209,2.73237],
[20.2688,3.13424],
[20.1712,3.5167],
[20.1459,3.91061],
[20.2313,4.3276],
[20.2502,4.73629],
[20.2421,5.14244],
[20.246,5.55458],
[20.2422,5.96842],
[20.2693,6.39484],
[20.2308,6.80647],
[20.3011,7.68998],
[20.2387,8.10593],
[20.1685,8.52205],
[20.3357,10.4303],
[20.312,10.898],
[20.2359,11.8401],
[19.9559,12.1882],
[11.1323,12.276],
[10.9449,12.5317],
[10.5969,12.629],
[10.2634,12.7323],
[9.87566,12.7695],
[9.4904,12.797],
[9.10785,12.815],
[8.71538,12.8083],
[8.01556,12.8604],
[7.68126,12.89],
[7.34902,12.9119],
[7.03047,12.9426],
[6.70256,12.9496],
[6.38809,12.9659],
[6.08633,12.9921],
[5.78624,13.0118],
[5.49797,13.0424],
[5.20133,13.0493],
[4.91615,13.0676],
[4.63255,13.08],
[4.35942,13.1044],
[4.08748,13.1234],
[3.81684,13.1368],
[3.54761,13.1448],
[3.28738,13.166],
[-2.26729,13.4779],
[-2.50318,13.4918],
[-2.73962,13.5015],
[-2.97793,13.527],
[-3.21735,13.5482],
[-3.4578,13.5653],
[-3.69921,13.578],
[-3.94427,13.6063],
[-4.19083,13.6301],
[-4.43533,13.6297],
[-4.6881,13.6642],
[-4.9428,13.6941],
[-5.19935,13.7191],
[-5.45765,13.7394],
[-5.71762,13.7548],
[-5.98467,13.7845],
[-6.25388,13.809],
[-6.5375,13.8664],
[-6.81789,13.8991],
[-7.1213,13.9826],
[-7.42189,14.041],
[-7.71107,14.0561],
[-8.01022,14.0837],
[-10.8605,14.1285],
[-11.2909,14.2574],
[-11.6837,14.3092],
[-12.0811,14.3515],
[-12.5064,14.4167],
[-12.9249,14.4553],
[-13.3602,14.4994],
[-13.8255,14.5637],
[-14.2836,14.6008],
[-14.7727,14.6564],
[-15.2942,14.7291],
[-15.8357,14.8026],
[-16.3698,14.8471],
[-16.952,14.9199],
[-17.5698,15.0046],
[-18.195,15.0721],
[-19.1036,14.84],
[-19.8043,14.9126],
[-20.5437,14.9904],
[-21.3225,15.0713],
[-22.1257,15.1416],
[-23.0341,15.2589],
[-23.7068,15.1768],
[-26.9909,16.2084],
[-27.0834,15.6538],
[-27.1299,15.0803],
[-27.2507,14.5599],
[-27.326,14.0206],
[-27.4256,13.5019],
[-27.5148,12.9841],
[-27.6117,12.476],
[-27.6262,11.9347],
[-27.794,11.4699],
[-42.7018,-22.5438],
[-45.1711,-37.5004],
[-45.3127,-38.9703],
[-45.8546,-40.8654],
[-45.7678,-42.2353],
[-46.4523,-44.4206],
[-46.4483,-45.9947],
[-47.1256,-48.3572],
[-46.1945,-49.0477],
[-44.8725,-49.2826],
[-27.301,-49.5935],
[-27.0453,-51.2853],
[-25.7323,-50.8258],
[-23.9597,-51.6588],
[-12.4348,-53.5183],
[-11.3394,-52.7857],
[-10.4136,-52.9204],
[-9.49433,-53.0982],
[-8.52994,-52.9226],
[-7.61996,-53.1672],
[-6.71736,-53.5554],
[-5.76384,-53.3697],
[-4.83184,-53.4267],
[-3.89969,-53.4874],
[-2.96313,-53.3519],
[-2.03186,-53.66],
[-1.09292,-53.7918],
[-0.141008,-54.147],
[0.811027,-54.2455],
[1.77405,-54.4271],
[2.71638,-54.2727],
[3.73184,-54.8379],
[4.67583,-54.6297],
[5.70338,-55.0391],
[6.63461,-54.7179],
[19.5286,-26.625],
[19.5529,-25.7237],
[19.5655,-24.845],
[19.5408,-23.9589],
[19.5738,-23.1692],
[19.5719,-22.3714],
[19.5631,-21.595],
[19.577,-20.8675],
[19.6161,-20.1871],
[19.5044,-19.3913],
[19.5376,-18.7501],
[19.6318,-18.178],
[19.5727,-17.4951],
[19.6226,-16.9183],
[19.6111,-16.3091],
[19.6012,-15.7173],
[19.5117,-15.085],
[19.6829,-10.591],
[19.6832,-10.1259],
[19.6556,-9.65587],
[19.6551,-9.20557],
[19.4416,-8.67583],
[19.5231,-6.59],
[19.6156,-6.2073],
[19.6241,-5.80267],
[19.625,-5.39964],
[19.6185,-4.99836],
[19.6046,-4.59895],
[19.6423,-4.21301],
[19.6338,-3.82021],
[19.6576,-3.43525],
[19.6351,-3.04505],
[19.6254,-2.65913],
[19.6486,-2.27867],
[19.6452,-1.89645],
[19.6351,-1.51506],
[19.6582,-1.13668],
[19.6748,-0.757962],
[19.6647,-0.378663],
[20.208,5.59891e-05]
]
}
